{
  "id": "2a4516fa-870e-4d12-99b0-6fb6bee2e8c1",
  "alias": "HelloWorldApplicationCustomizer",
  "componentType": "Extension",
  "extensionType": "ApplicationCustomizer",
  "version": "0.0.1",
  "manifestVersion": 2,
  "requiresCustomScript": false,
  "loaderConfig": {
    "internalModuleBaseUrls": [
      "https://localhost:4321/dist/"
    ],
    "entryModuleId": "hello-world-application-customizer",
    "scriptResources": {
      "hello-world-application-customizer": {
        "type": "path",
        "path": "hello-world-application-customizer_0f2b47d505b09d74f0de.js"
      },
      "HelloWorldApplicationCustomizerStrings": {
        "type": "path",
        "path": "HelloWorldApplicationCustomizerStrings_en-us_7949d2dd8f4ed55ec12a8877766f5523.js"
      },
      "@microsoft/sp-application-base": {
        "type": "component",
        "id": "4df9bb86-ab0a-4aab-ab5f-48bf167048fb",
        "version": "1.12.1"
      },
      "@microsoft/sp-lodash-subset": {
        "type": "component",
        "id": "73e1dc6c-8441-42cc-ad47-4bd3659f8a3a",
        "version": "1.12.1"
      },
      "@microsoft/sp-core-library": {
        "type": "component",
        "id": "7263c7d0-1d6a-45ec-8d85-d4d1d234171b",
        "version": "1.12.1"
      },
      "@microsoft/decorators": {
        "type": "component",
        "id": "f97266fb-ccb7-430e-9384-4124d05295d3",
        "version": "1.12.1"
      }
    }
  }
}